Timestamp,SCT Version,Filename,Slice (I->S),VertLevel,DistancePMJ,Label,Size [vox],WA(),STD()
"2023-12-13 13:49:14","git-master-c7a8072fd63a06a2775a74029c042833f0fce510","/home/porto-raid4/nestrasil-data/spine-generic/results/data-multi-subject_20231213/data_processed/sub-beijingVerio03/dwi/dti_RD.nii.gz","0:14","2:5","","4,5",81.1638723529555,0.00042209523594740847,0.00016822478722907278
"2023-12-13 13:53:33","git-master-c7a8072fd63a06a2775a74029c042833f0fce510","/home/porto-raid4/nestrasil-data/spine-generic/results/data-multi-subject_20231213/data_processed/sub-beijingVerio04/dwi/dti_RD.nii.gz","0:14","2:5","","4,5",102.36584976064077,0.0004252004591640026,0.00019246902175456187
"2023-12-13 13:53:54","git-master-c7a8072fd63a06a2775a74029c042833f0fce510","/home/porto-raid4/nestrasil-data/spine-generic/results/data-multi-subject_20231213/data_processed/sub-beijingVerio02/dwi/dti_RD.nii.gz","1:13","2:5","","4,5",75.55074877645721,0.0004900145492861774,0.0002591210231708123
"2023-12-13 13:55:47","git-master-c7a8072fd63a06a2775a74029c042833f0fce510","/home/porto-raid4/nestrasil-data/spine-generic/results/data-multi-subject_20231213/data_processed/sub-beijingPrisma04/dwi/dti_RD.nii.gz","3:14","2:5","","4,5",101.15692679108923,0.0005680366253309385,0.0002201751860552812
"2023-12-13 13:56:42","git-master-c7a8072fd63a06a2775a74029c042833f0fce510","/home/porto-raid4/nestrasil-data/spine-generic/results/data-multi-subject_20231213/data_processed/sub-beijingVerio01/dwi/dti_RD.nii.gz","1:11","2:5","","4,5",81.79644508021896,0.0005771689005272119,0.00020592633046903196
"2023-12-13 13:56:53","git-master-c7a8072fd63a06a2775a74029c042833f0fce510","/home/porto-raid4/nestrasil-data/spine-generic/results/data-multi-subject_20231213/data_processed/sub-balgrist04/dwi/dti_RD.nii.gz","0:14","2:5","","4,5",130.9803631915197,0.0004375536534309774,0.00024154434873448747
"2023-12-13 13:57:22","git-master-c7a8072fd63a06a2775a74029c042833f0fce510","/home/porto-raid4/nestrasil-data/spine-generic/results/data-multi-subject_20231213/data_processed/sub-balgrist03/dwi/dti_RD.nii.gz","1:12","2:5","","4,5",105.6404680853752,0.0004256093821893168,0.00023766910288955612
"2023-12-13 13:57:36","git-master-c7a8072fd63a06a2775a74029c042833f0fce510","/home/porto-raid4/nestrasil-data/spine-generic/results/data-multi-subject_20231213/data_processed/sub-balgrist05/dwi/dti_RD.nii.gz","0:12","2:5","","4,5",133.87315988238413,0.00045840367660219834,0.0002024043373750741
"2023-12-13 13:57:46","git-master-c7a8072fd63a06a2775a74029c042833f0fce510","/home/porto-raid4/nestrasil-data/spine-generic/results/data-multi-subject_20231213/data_processed/sub-balgrist02/dwi/dti_RD.nii.gz","0:9","2:5","","4,5",81.78553657233277,0.0003607973078469978,0.0001864577147541729
"2023-12-13 13:58:10","git-master-c7a8072fd63a06a2775a74029c042833f0fce510","/home/porto-raid4/nestrasil-data/spine-generic/results/data-multi-subject_20231213/data_processed/sub-balgrist06/dwi/dti_RD.nii.gz","1:13","2:5","","4,5",148.9384469119116,0.0004400906845677098,0.00022399011054162883
"2023-12-13 13:58:51","git-master-c7a8072fd63a06a2775a74029c042833f0fce510","/home/porto-raid4/nestrasil-data/spine-generic/results/data-multi-subject_20231213/data_processed/sub-barcelona01/dwi/dti_RD.nii.gz","0:11","2:5","","4,5",112.13742219899885,0.0004509895399167466,0.00018721030601113653
"2023-12-13 13:59:13","git-master-c7a8072fd63a06a2775a74029c042833f0fce510","/home/porto-raid4/nestrasil-data/spine-generic/results/data-multi-subject_20231213/data_processed/sub-amu02/dwi/dti_RD.nii.gz","1:11","2:5","","4,5",121.21421600047009,0.0004694989784556211,0.00022159400153254694
"2023-12-13 13:59:13","git-master-c7a8072fd63a06a2775a74029c042833f0fce510","/home/porto-raid4/nestrasil-data/spine-generic/results/data-multi-subject_20231213/data_processed/sub-amu04/dwi/dti_RD.nii.gz","1:11","2:5","","4,5",90.32104933122787,0.000503697494500285,0.0002423346914270342
"2023-12-13 13:59:33","git-master-c7a8072fd63a06a2775a74029c042833f0fce510","/home/porto-raid4/nestrasil-data/spine-generic/results/data-multi-subject_20231213/data_processed/sub-amu05/dwi/dti_RD.nii.gz","1:12","2:5","","4,5",125.2625636103216,0.0004434353773482532,0.00021685457023511926
"2023-12-13 14:00:50","git-master-c7a8072fd63a06a2775a74029c042833f0fce510","/home/porto-raid4/nestrasil-data/spine-generic/results/data-multi-subject_20231213/data_processed/sub-beijingPrisma02/dwi/dti_RD.nii.gz","4:14","2:5","","4,5",93.08245341919358,0.0005734706187208184,0.00024466015082153067
"2023-12-13 14:02:06","git-master-c7a8072fd63a06a2775a74029c042833f0fce510","/home/porto-raid4/nestrasil-data/spine-generic/results/data-multi-subject_20231213/data_processed/sub-beijingPrisma03/dwi/dti_RD.nii.gz","0:6","2:5","","4,5",42.69306570024008,0.0004313340023893947,0.0002748538504119096
"2023-12-13 14:02:09","git-master-c7a8072fd63a06a2775a74029c042833f0fce510","/home/porto-raid4/nestrasil-data/spine-generic/results/data-multi-subject_20231213/data_processed/sub-balgrist01/dwi/dti_RD.nii.gz","2:12","2:5","","4,5",85.11507315362937,0.0004334110587658594,0.00021703066602585288
"2023-12-13 14:02:16","git-master-c7a8072fd63a06a2775a74029c042833f0fce510","/home/porto-raid4/nestrasil-data/spine-generic/results/data-multi-subject_20231213/data_processed/sub-beijingPrisma05/dwi/dti_RD.nii.gz","0:12","2:5","","4,5",147.7330674231721,0.0003736903083031304,0.00018160927910948615
"2023-12-13 14:02:39","git-master-c7a8072fd63a06a2775a74029c042833f0fce510","/home/porto-raid4/nestrasil-data/spine-generic/results/data-multi-subject_20231213/data_processed/sub-barcelona03/dwi/dti_RD.nii.gz","0:12","2:5","","4,5",128.34753629128707,0.0005132754340352023,0.00022813895562909126
"2023-12-13 14:03:56","git-master-c7a8072fd63a06a2775a74029c042833f0fce510","/home/porto-raid4/nestrasil-data/spine-generic/results/data-multi-subject_20231213/data_processed/sub-barcelona02/dwi/dti_RD.nii.gz","0:10","2:5","","4,5",132.72810963494402,0.0003938800583838164,0.00018427246513592365
"2023-12-13 14:04:10","git-master-c7a8072fd63a06a2775a74029c042833f0fce510","/home/porto-raid4/nestrasil-data/spine-generic/results/data-multi-subject_20231213/data_processed/sub-barcelona06/dwi/dti_RD.nii.gz","1:12","2:5","","4,5",132.7717374660028,0.00046077013443651476,0.0002007897938720386
"2023-12-13 14:04:15","git-master-c7a8072fd63a06a2775a74029c042833f0fce510","/home/porto-raid4/nestrasil-data/spine-generic/results/data-multi-subject_20231213/data_processed/sub-barcelona05/dwi/dti_RD.nii.gz","1:12","2:5","","4,5",104.18190335630153,0.00040315246771897454,0.00022226410718091983
"2023-12-13 14:04:16","git-master-c7a8072fd63a06a2775a74029c042833f0fce510","/home/porto-raid4/nestrasil-data/spine-generic/results/data-multi-subject_20231213/data_processed/sub-beijingPrisma01/dwi/dti_RD.nii.gz","1:12","2:5","","4,5",98.49432431987113,0.0005932038752110301,0.00025479443935654623
"2023-12-13 14:04:19","git-master-c7a8072fd63a06a2775a74029c042833f0fce510","/home/porto-raid4/nestrasil-data/spine-generic/results/data-multi-subject_20231213/data_processed/sub-barcelona04/dwi/dti_RD.nii.gz","2:12","2:5","","4,5",129.6443184682323,0.00040292593394839583,0.00020885523065527898
"2023-12-13 14:04:29","git-master-c7a8072fd63a06a2775a74029c042833f0fce510","/home/porto-raid4/nestrasil-data/spine-generic/results/data-multi-subject_20231213/data_processed/sub-amu01/dwi/dti_RD.nii.gz","1:13","2:5","","4,5",155.56577286722217,0.0004216393223658679,0.000201953825028509
"2023-12-13 14:06:20","git-master-c7a8072fd63a06a2775a74029c042833f0fce510","/home/porto-raid4/nestrasil-data/spine-generic/results/data-multi-subject_20231213/data_processed/sub-amu03/dwi/dti_RD.nii.gz","2:11","2:5","","4,5",87.78590533438471,0.000407709703987491,0.00027363650633845376
"2023-12-13 14:29:48","git-master-c7a8072fd63a06a2775a74029c042833f0fce510","/home/porto-raid4/nestrasil-data/spine-generic/results/data-multi-subject_20231213/data_processed/sub-beijingGE01/dwi/dti_RD.nii.gz","0:10","2:5","","4,5",714.0983339002158,0.0005453333441757926,0.00014450246045735345
"2023-12-13 14:30:21","git-master-c7a8072fd63a06a2775a74029c042833f0fce510","/home/porto-raid4/nestrasil-data/spine-generic/results/data-multi-subject_20231213/data_processed/sub-beijingGE04/dwi/dti_RD.nii.gz","0:13","2:5","","4,5",787.6212714876157,0.0003404221081320823,0.0001528299774476668
"2023-12-13 14:32:03","git-master-c7a8072fd63a06a2775a74029c042833f0fce510","/home/porto-raid4/nestrasil-data/spine-generic/results/data-multi-subject_20231213/data_processed/sub-beijingGE03/dwi/dti_RD.nii.gz","0:14","2:5","","4,5",919.8701144741636,0.0004664104579059907,0.00022458989712580903
"2023-12-13 14:34:28","git-master-c7a8072fd63a06a2775a74029c042833f0fce510","/home/porto-raid4/nestrasil-data/spine-generic/results/data-multi-subject_20231213/data_processed/sub-beijingGE02/dwi/dti_RD.nii.gz","0:13","2:5","","4,5",843.1183665064109,0.0005018036299257461,0.0002063276685560467
"2023-12-13 14:35:36","git-master-c7a8072fd63a06a2775a74029c042833f0fce510","/home/porto-raid4/nestrasil-data/spine-generic/results/data-multi-subject_20231213/data_processed/sub-brnoCeitec01/dwi/dti_RD.nii.gz","0:13","2:5","","4,5",147.4288121093026,0.00047926112197343133,0.00024504884267688627
"2023-12-13 14:40:08","git-master-c7a8072fd63a06a2775a74029c042833f0fce510","/home/porto-raid4/nestrasil-data/spine-generic/results/data-multi-subject_20231213/data_processed/sub-brnoCeitec03/dwi/dti_RD.nii.gz","0:13","2:5","","4,5",139.3075903615732,0.000455899342426676,0.00023282372107135318
"2023-12-13 14:42:14","git-master-c7a8072fd63a06a2775a74029c042833f0fce510","/home/porto-raid4/nestrasil-data/spine-generic/results/data-multi-subject_20231213/data_processed/sub-brnoCeitec06/dwi/dti_RD.nii.gz","0:14","2:5","","4,5",163.3418425709378,0.0005859256726482994,0.0002570126470204011
"2023-12-13 14:43:10","git-master-c7a8072fd63a06a2775a74029c042833f0fce510","/home/porto-raid4/nestrasil-data/spine-generic/results/data-multi-subject_20231213/data_processed/sub-brnoCeitec02/dwi/dti_RD.nii.gz","2:11","2:5","","4,5",97.04158351787713,0.0005230061610749112,0.00018325675800591226
"2023-12-13 14:43:46","git-master-c7a8072fd63a06a2775a74029c042833f0fce510","/home/porto-raid4/nestrasil-data/spine-generic/results/data-multi-subject_20231213/data_processed/sub-brnoCeitec04/dwi/dti_RD.nii.gz","1:12","2:5","","4,5",114.41711919444126,0.00042748983776187357,0.0001880495374551952
"2023-12-13 14:44:33","git-master-c7a8072fd63a06a2775a74029c042833f0fce510","/home/porto-raid4/nestrasil-data/spine-generic/results/data-multi-subject_20231213/data_processed/sub-brnoCeitec05/dwi/dti_RD.nii.gz","1:12","2:5","","4,5",147.60296438473347,0.0005412233972874959,0.00028945583558905534
"2023-12-13 14:44:37","git-master-c7a8072fd63a06a2775a74029c042833f0fce510","/home/porto-raid4/nestrasil-data/spine-generic/results/data-multi-subject_20231213/data_processed/sub-cardiff05/dwi/dti_RD.nii.gz","2:12","2:5","","4,5",98.37721645622392,0.00046061155057222067,0.00021298349906431828
"2023-12-13 14:46:46","git-master-c7a8072fd63a06a2775a74029c042833f0fce510","/home/porto-raid4/nestrasil-data/spine-generic/results/data-multi-subject_20231213/data_processed/sub-cardiff01/dwi/dti_RD.nii.gz","1:12","2:5","","4,5",135.43317761273397,0.0005132162881166987,0.00020182850512900046
"2023-12-13 14:47:59","git-master-c7a8072fd63a06a2775a74029c042833f0fce510","/home/porto-raid4/nestrasil-data/spine-generic/results/data-multi-subject_20231213/data_processed/sub-cmrra05/dwi/dti_RD.nii.gz","3:12","2:5","","4,5",86.4542503973136,0.00045787080943924944,0.00020747313708952212
"2023-12-13 14:50:27","git-master-c7a8072fd63a06a2775a74029c042833f0fce510","/home/porto-raid4/nestrasil-data/spine-generic/results/data-multi-subject_20231213/data_processed/sub-cardiff06/dwi/dti_RD.nii.gz","1:13","2:5","","4,5",153.8838081460401,0.0004890102585514567,0.00018190064645835107
"2023-12-13 14:50:29","git-master-c7a8072fd63a06a2775a74029c042833f0fce510","/home/porto-raid4/nestrasil-data/spine-generic/results/data-multi-subject_20231213/data_processed/sub-cardiff03/dwi/dti_RD.nii.gz","1:13","2:5","","4,5",144.5895715345742,0.0004354521376089986,0.00021556686060904756
"2023-12-13 14:50:41","git-master-c7a8072fd63a06a2775a74029c042833f0fce510","/home/porto-raid4/nestrasil-data/spine-generic/results/data-multi-subject_20231213/data_processed/sub-cardiff02/dwi/dti_RD.nii.gz","2:12","2:5","","4,5",159.73810089108892,0.00045083920770389003,0.0002469300903502523
"2023-12-13 14:50:43","git-master-c7a8072fd63a06a2775a74029c042833f0fce510","/home/porto-raid4/nestrasil-data/spine-generic/results/data-multi-subject_20231213/data_processed/sub-cmrra01/dwi/dti_RD.nii.gz","0:14","2:5","","4,5",151.81859317095044,0.0005466458586161161,0.00020841864778469978
"2023-12-13 14:50:57","git-master-c7a8072fd63a06a2775a74029c042833f0fce510","/home/porto-raid4/nestrasil-data/spine-generic/results/data-multi-subject_20231213/data_processed/sub-cardiff04/dwi/dti_RD.nii.gz","1:12","2:5","","4,5",140.42639371622667,0.0005489628598618206,0.00021110999569133864
"2023-12-13 14:51:45","git-master-c7a8072fd63a06a2775a74029c042833f0fce510","/home/porto-raid4/nestrasil-data/spine-generic/results/data-multi-subject_20231213/data_processed/sub-cmrra02/dwi/dti_RD.nii.gz","1:12","2:5","","4,5",153.10883494294512,0.0005103471803072173,0.00021870720593957242
"2023-12-13 14:53:05","git-master-c7a8072fd63a06a2775a74029c042833f0fce510","/home/porto-raid4/nestrasil-data/spine-generic/results/data-multi-subject_20231213/data_processed/sub-cmrra04/dwi/dti_RD.nii.gz","1:13","2:5","","4,5",125.23927083244328,0.0005497720485308906,0.00017859142731319665
"2023-12-13 14:53:24","git-master-c7a8072fd63a06a2775a74029c042833f0fce510","/home/porto-raid4/nestrasil-data/spine-generic/results/data-multi-subject_20231213/data_processed/sub-cmrra03/dwi/dti_RD.nii.gz","1:12","2:5","","4,5",108.57919892068087,0.0006295543219124018,0.0002050092680191894
"2023-12-13 14:54:29","git-master-c7a8072fd63a06a2775a74029c042833f0fce510","/home/porto-raid4/nestrasil-data/spine-generic/results/data-multi-subject_20231213/data_processed/sub-cmrra06/dwi/dti_RD.nii.gz","0:13","2:5","","4,5",144.26808337695383,0.0005288055229135421,0.00021860293834859114
"2023-12-13 15:17:17","git-master-c7a8072fd63a06a2775a74029c042833f0fce510","/home/porto-raid4/nestrasil-data/spine-generic/results/data-multi-subject_20231213/data_processed/sub-cmrrb02/dwi/dti_RD.nii.gz","0:13","2:5","","4,5",170.389350222998,0.0004831404247654381,0.0002384623690582316
"2023-12-13 15:18:16","git-master-c7a8072fd63a06a2775a74029c042833f0fce510","/home/porto-raid4/nestrasil-data/spine-generic/results/data-multi-subject_20231213/data_processed/sub-cmrrb01/dwi/dti_RD.nii.gz","1:12","2:5","","4,5",111.40804904677552,0.0004871873862116155,0.000201132301052075
"2023-12-13 15:20:05","git-master-c7a8072fd63a06a2775a74029c042833f0fce510","/home/porto-raid4/nestrasil-data/spine-generic/results/data-multi-subject_20231213/data_processed/sub-cmrrb03/dwi/dti_RD.nii.gz","0:13","2:5","","4,5",139.60117910503874,0.0004507684848972152,0.00018468747334512793
"2023-12-13 15:22:28","git-master-c7a8072fd63a06a2775a74029c042833f0fce510","/home/porto-raid4/nestrasil-data/spine-generic/results/data-multi-subject_20231213/data_processed/sub-cmrrb04/dwi/dti_RD.nii.gz","1:13","2:5","","4,5",141.59033568108504,0.0004927216263136574,0.00018499255337800754
"2023-12-13 15:22:48","git-master-c7a8072fd63a06a2775a74029c042833f0fce510","/home/porto-raid4/nestrasil-data/spine-generic/results/data-multi-subject_20231213/data_processed/sub-cmrrb05/dwi/dti_RD.nii.gz","0:14","2:5","","4,5",168.20482828104286,0.0005317786500361528,0.00018303468697607203
"2023-12-13 15:23:34","git-master-c7a8072fd63a06a2775a74029c042833f0fce510","/home/porto-raid4/nestrasil-data/spine-generic/results/data-multi-subject_20231213/data_processed/sub-brnoUhb01/dwi/dti_RD.nii.gz","0:13","2:5","","4,5",887.1046497327427,0.00042142836335552205,0.00018314500882709998
"2023-12-13 15:25:16","git-master-c7a8072fd63a06a2775a74029c042833f0fce510","/home/porto-raid4/nestrasil-data/spine-generic/results/data-multi-subject_20231213/data_processed/sub-brnoUhb08/dwi/dti_RD.nii.gz","1:12","2:5","","4,5",841.7143133109638,0.00044095029291060464,0.00017551807867239103
"2023-12-13 15:26:07","git-master-c7a8072fd63a06a2775a74029c042833f0fce510","/home/porto-raid4/nestrasil-data/spine-generic/results/data-multi-subject_20231213/data_processed/sub-brnoUhb07/dwi/dti_RD.nii.gz","2:12","2:5","","4,5",597.7543934935793,0.0003621253417512385,0.00017463143650522047
"2023-12-13 15:27:48","git-master-c7a8072fd63a06a2775a74029c042833f0fce510","/home/porto-raid4/nestrasil-data/spine-generic/results/data-multi-subject_20231213/data_processed/sub-fslAchieva01/dwi/dti_RD.nii.gz","0:12","2:5","","4,5",121.12464341353422,0.00027916935645172535,0.00023814350924572365
"2023-12-13 15:29:51","git-master-c7a8072fd63a06a2775a74029c042833f0fce510","/home/porto-raid4/nestrasil-data/spine-generic/results/data-multi-subject_20231213/data_processed/sub-brnoUhb04/dwi/dti_RD.nii.gz","0:13","2:5","","4,5",825.1685370060993,0.00041389813203038115,0.0001773388262260647
"2023-12-13 15:29:52","git-master-c7a8072fd63a06a2775a74029c042833f0fce510","/home/porto-raid4/nestrasil-data/spine-generic/results/data-multi-subject_20231213/data_processed/sub-cmrrb06/dwi/dti_RD.nii.gz","1:11","2:5","","4,5",137.1089864729515,0.0005340784776947581,0.0002419368134260054
"2023-12-13 15:30:52","git-master-c7a8072fd63a06a2775a74029c042833f0fce510","/home/porto-raid4/nestrasil-data/spine-generic/results/data-multi-subject_20231213/data_processed/sub-dresden02/dwi/dti_RD.nii.gz","0:7","2:5","","4,5",67.73845872230002,0.0003835416629614816,0.00014936095589813432
"2023-12-13 15:31:17","git-master-c7a8072fd63a06a2775a74029c042833f0fce510","/home/porto-raid4/nestrasil-data/spine-generic/results/data-multi-subject_20231213/data_processed/sub-dresden01/dwi/dti_RD.nii.gz","0:12","2:5","","4,5",125.4488012702518,0.0004422970482352467,0.00018040120157061625
"2023-12-13 15:31:24","git-master-c7a8072fd63a06a2775a74029c042833f0fce510","/home/porto-raid4/nestrasil-data/spine-generic/results/data-multi-subject_20231213/data_processed/sub-brnoUhb05/dwi/dti_RD.nii.gz","0:12","2:5","","4,5",895.2667150026207,0.00032189293436898914,0.0001672483359981439
"2023-12-13 15:32:11","git-master-c7a8072fd63a06a2775a74029c042833f0fce510","/home/porto-raid4/nestrasil-data/spine-generic/results/data-multi-subject_20231213/data_processed/sub-cmrrb07/dwi/dti_RD.nii.gz","2:12","2:5","","4,5",114.30153268402789,0.000495105686681484,0.00018904841332147474
"2023-12-13 15:33:29","git-master-c7a8072fd63a06a2775a74029c042833f0fce510","/home/porto-raid4/nestrasil-data/spine-generic/results/data-multi-subject_20231213/data_processed/sub-brnoUhb02/dwi/dti_RD.nii.gz","0:13","2:5","","4,5",923.3238156798227,0.00040231930491519194,0.00017147719265752422
"2023-12-13 15:35:02","git-master-c7a8072fd63a06a2775a74029c042833f0fce510","/home/porto-raid4/nestrasil-data/spine-generic/results/data-multi-subject_20231213/data_processed/sub-brnoUhb06/dwi/dti_RD.nii.gz","2:11","2:5","","4,5",674.2817234910634,0.00036097561237498203,0.0001798691443131424
"2023-12-13 15:35:17","git-master-c7a8072fd63a06a2775a74029c042833f0fce510","/home/porto-raid4/nestrasil-data/spine-generic/results/data-multi-subject_20231213/data_processed/sub-geneva01/dwi/dti_RD.nii.gz","0:13","2:5","","4,5",156.99404557934122,0.000506375279126334,0.00024201484882286037
"2023-12-13 15:35:19","git-master-c7a8072fd63a06a2775a74029c042833f0fce510","/home/porto-raid4/nestrasil-data/spine-generic/results/data-multi-subject_20231213/data_processed/sub-brnoUhb03/dwi/dti_RD.nii.gz","1:11","2:5","","4,5",651.249331944117,0.0004523728688015067,0.0001550258874185837
"2023-12-13 15:37:46","git-master-c7a8072fd63a06a2775a74029c042833f0fce510","/home/porto-raid4/nestrasil-data/spine-generic/results/data-multi-subject_20231213/data_processed/sub-fslPrisma01/dwi/dti_RD.nii.gz","0:13","2:5","","4,5",144.0053350696345,0.0004806559334971902,0.00020853603392998883
"2023-12-13 15:37:48","git-master-c7a8072fd63a06a2775a74029c042833f0fce510","/home/porto-raid4/nestrasil-data/spine-generic/results/data-multi-subject_20231213/data_processed/sub-fslAchieva02/dwi/dti_RD.nii.gz","1:13","2:5","","4,5",126.42514716298554,0.00031133343684712044,0.0002613094607507172
"2023-12-13 15:38:22","git-master-c7a8072fd63a06a2775a74029c042833f0fce510","/home/porto-raid4/nestrasil-data/spine-generic/results/data-multi-subject_20231213/data_processed/sub-fslPrisma02/dwi/dti_RD.nii.gz","0:8","2:5","","4,5",113.75833023314682,0.0005152528147408139,0.00019187071675066687
"2023-12-13 15:39:21","git-master-c7a8072fd63a06a2775a74029c042833f0fce510","/home/porto-raid4/nestrasil-data/spine-generic/results/data-multi-subject_20231213/data_processed/sub-fslPrisma03/dwi/dti_RD.nii.gz","0:10","2:5","","4,5",148.27947292487744,0.0004726233540989368,0.00017632189232326008
"2023-12-13 15:40:19","git-master-c7a8072fd63a06a2775a74029c042833f0fce510","/home/porto-raid4/nestrasil-data/spine-generic/results/data-multi-subject_20231213/data_processed/sub-fslAchieva03/dwi/dti_RD.nii.gz","1:12","2:5","","4,5",88.61551277542252,0.00018593288687545787,0.0002529440707614723
"2023-12-13 15:40:37","git-master-c7a8072fd63a06a2775a74029c042833f0fce510","/home/porto-raid4/nestrasil-data/spine-generic/results/data-multi-subject_20231213/data_processed/sub-fslAchieva04/dwi/dti_RD.nii.gz","0:11","2:5","","4,5",136.4840522387519,0.0002638694112621813,0.00025782328077355584
"2023-12-13 15:40:38","git-master-c7a8072fd63a06a2775a74029c042833f0fce510","/home/porto-raid4/nestrasil-data/spine-generic/results/data-multi-subject_20231213/data_processed/sub-fslPrisma05/dwi/dti_RD.nii.gz","1:12","2:5","","4,5",114.26460492075371,0.0004821688972363799,0.00022892600897586455
"2023-12-13 15:40:39","git-master-c7a8072fd63a06a2775a74029c042833f0fce510","/home/porto-raid4/nestrasil-data/spine-generic/results/data-multi-subject_20231213/data_processed/sub-fslPrisma06/dwi/dti_RD.nii.gz","0:13","2:5","","4,5",163.45213300545984,0.0005902698357952153,0.00025630500538765416
"2023-12-13 15:40:39","git-master-c7a8072fd63a06a2775a74029c042833f0fce510","/home/porto-raid4/nestrasil-data/spine-generic/results/data-multi-subject_20231213/data_processed/sub-fslAchieva05/dwi/dti_RD.nii.gz","2:11","2:5","","4,5",105.2440665040531,0.0002095661434348918,0.0003052849225867061
"2023-12-13 15:41:12","git-master-c7a8072fd63a06a2775a74029c042833f0fce510","/home/porto-raid4/nestrasil-data/spine-generic/results/data-multi-subject_20231213/data_processed/sub-fslPrisma04/dwi/dti_RD.nii.gz","1:11","2:5","","4,5",147.24451769906986,0.0004980415657827473,0.0002292452061808762
"2023-12-13 15:45:00","git-master-c7a8072fd63a06a2775a74029c042833f0fce510","/home/porto-raid4/nestrasil-data/spine-generic/results/data-multi-subject_20231213/data_processed/sub-fslAchieva06/dwi/dti_RD.nii.gz","1:12","2:5","","4,5",165.18284320159526,0.00040376615824421136,0.00023537008427182445
"2023-12-13 16:04:04","git-master-c7a8072fd63a06a2775a74029c042833f0fce510","/home/porto-raid4/nestrasil-data/spine-generic/results/data-multi-subject_20231213/data_processed/sub-geneva02/dwi/dti_RD.nii.gz","0:13","2:5","","4,5",163.02759154699078,0.000547677284848229,0.00019536730822800988
"2023-12-13 16:06:58","git-master-c7a8072fd63a06a2775a74029c042833f0fce510","/home/porto-raid4/nestrasil-data/spine-generic/results/data-multi-subject_20231213/data_processed/sub-geneva03/dwi/dti_RD.nii.gz","0:13","2:5","","4,5",170.77325503792096,0.0004521872255987597,0.00020207574663689821
"2023-12-13 16:09:30","git-master-c7a8072fd63a06a2775a74029c042833f0fce510","/home/porto-raid4/nestrasil-data/spine-generic/results/data-multi-subject_20231213/data_processed/sub-hamburg01/dwi/dti_RD.nii.gz","0:14","2:5","","4,5",161.82836064894158,0.0004989066013903912,0.00022008621340027424
"2023-12-13 16:10:30","git-master-c7a8072fd63a06a2775a74029c042833f0fce510","/home/porto-raid4/nestrasil-data/spine-generic/results/data-multi-subject_20231213/data_processed/sub-geneva04/dwi/dti_RD.nii.gz","1:11","2:5","","4,5",97.52191915299599,0.0004914770852031175,0.0002070587832256765
"2023-12-13 16:12:32","git-master-c7a8072fd63a06a2775a74029c042833f0fce510","/home/porto-raid4/nestrasil-data/spine-generic/results/data-multi-subject_20231213/data_processed/sub-geneva05/dwi/dti_RD.nii.gz","0:12","2:5","","4,5",144.65460837175323,0.000446878227945391,0.0002231798333983806
"2023-12-13 16:12:42","git-master-c7a8072fd63a06a2775a74029c042833f0fce510","/home/porto-raid4/nestrasil-data/spine-generic/results/data-multi-subject_20231213/data_processed/sub-geneva06/dwi/dti_RD.nii.gz","2:12","2:5","","4,5",98.93181938259028,0.0004919892298704992,0.00021120822586069725
"2023-12-13 16:15:40","git-master-c7a8072fd63a06a2775a74029c042833f0fce510","/home/porto-raid4/nestrasil-data/spine-generic/results/data-multi-subject_20231213/data_processed/sub-hamburg02/dwi/dti_RD.nii.gz","1:12","2:5","","4,5",121.09681449900619,0.0005827487715148838,0.00022575159379082662
"2023-12-13 16:16:22","git-master-c7a8072fd63a06a2775a74029c042833f0fce510","/home/porto-raid4/nestrasil-data/spine-generic/results/data-multi-subject_20231213/data_processed/sub-hamburg03/dwi/dti_RD.nii.gz","0:13","2:5","","4,5",171.0956278874285,0.0005162240940196045,0.0002106189262768719
"2023-12-13 16:17:47","git-master-c7a8072fd63a06a2775a74029c042833f0fce510","/home/porto-raid4/nestrasil-data/spine-generic/results/data-multi-subject_20231213/data_processed/sub-hamburg06/dwi/dti_RD.nii.gz","0:13","2:5","","4,5",128.10648545124397,0.00045438365189563723,0.00016744584988567457
"2023-12-13 16:17:48","git-master-c7a8072fd63a06a2775a74029c042833f0fce510","/home/porto-raid4/nestrasil-data/spine-generic/results/data-multi-subject_20231213/data_processed/sub-hamburg04/dwi/dti_RD.nii.gz","1:13","2:5","","4,5",155.97391593686356,0.0004788544071352642,0.00026183018662451717
"2023-12-13 16:18:47","git-master-c7a8072fd63a06a2775a74029c042833f0fce510","/home/porto-raid4/nestrasil-data/spine-generic/results/data-multi-subject_20231213/data_processed/sub-hamburg05/dwi/dti_RD.nii.gz","0:13","2:5","","4,5",186.87232304786238,0.00043992362874059984,0.0001932814417077452
"2023-12-13 16:18:53","git-master-c7a8072fd63a06a2775a74029c042833f0fce510","/home/porto-raid4/nestrasil-data/spine-generic/results/data-multi-subject_20231213/data_processed/sub-mgh01/dwi/dti_RD.nii.gz","1:13","2:5","","4,5",131.5639583146306,0.0004070294057113996,0.0002868128223237312
"2023-12-13 16:20:14","git-master-c7a8072fd63a06a2775a74029c042833f0fce510","/home/porto-raid4/nestrasil-data/spine-generic/results/data-multi-subject_20231213/data_processed/sub-mgh02/dwi/dti_RD.nii.gz","3:11","2:5","","4,5",75.11337727137965,0.0004941654242110677,0.0002130273811613963
"2023-12-13 16:20:49","git-master-c7a8072fd63a06a2775a74029c042833f0fce510","/home/porto-raid4/nestrasil-data/spine-generic/results/data-multi-subject_20231213/data_processed/sub-mgh05/dwi/dti_RD.nii.gz","1:13","2:5","","4,5",155.57929231332233,0.0003589528691135221,0.0002401331932786047
"2023-12-13 16:26:38","git-master-c7a8072fd63a06a2775a74029c042833f0fce510","/home/porto-raid4/nestrasil-data/spine-generic/results/data-multi-subject_20231213/data_processed/sub-mgh04/dwi/dti_RD.nii.gz","1:12","2:5","","4,5",186.2195977917367,0.0004254006467213263,0.00020900979517185907
"2023-12-13 16:26:58","git-master-c7a8072fd63a06a2775a74029c042833f0fce510","/home/porto-raid4/nestrasil-data/spine-generic/results/data-multi-subject_20231213/data_processed/sub-milan01/dwi/dti_RD.nii.gz","0:9","2:5","","4,5",103.7081547500325,0.0003820013633870452,0.00020396542196584144
"2023-12-13 16:27:48","git-master-c7a8072fd63a06a2775a74029c042833f0fce510","/home/porto-raid4/nestrasil-data/spine-generic/results/data-multi-subject_20231213/data_processed/sub-mgh03/dwi/dti_RD.nii.gz","2:11","2:5","","4,5",109.72377991557114,0.00041973743825099604,0.00030120361192184663
"2023-12-13 16:28:09","git-master-c7a8072fd63a06a2775a74029c042833f0fce510","/home/porto-raid4/nestrasil-data/spine-generic/results/data-multi-subject_20231213/data_processed/sub-mgh06/dwi/dti_RD.nii.gz","0:14","2:5","","4,5",160.52397957354555,0.00038747144984706175,0.00028149977473966435
"2023-12-13 16:29:06","git-master-c7a8072fd63a06a2775a74029c042833f0fce510","/home/porto-raid4/nestrasil-data/spine-generic/results/data-multi-subject_20231213/data_processed/sub-juntendo750w03/dwi/dti_RD.nii.gz","0:14","2:5","","4,5",151.13699356031404,0.00036256011826565313,0.0001270264760331795
"2023-12-13 16:30:11","git-master-c7a8072fd63a06a2775a74029c042833f0fce510","/home/porto-raid4/nestrasil-data/spine-generic/results/data-multi-subject_20231213/data_processed/sub-juntendo750w01/dwi/dti_RD.nii.gz","1:12","2:5","","4,5",100.99922241309339,0.00040025988262262617,0.00014457946315215287
"2023-12-13 16:30:21","git-master-c7a8072fd63a06a2775a74029c042833f0fce510","/home/porto-raid4/nestrasil-data/spine-generic/results/data-multi-subject_20231213/data_processed/sub-juntendo750w04/dwi/dti_RD.nii.gz","0:12","2:5","","4,5",112.46255692021961,0.0004137924950533442,0.00015736008836633115
"2023-12-13 16:30:52","git-master-c7a8072fd63a06a2775a74029c042833f0fce510","/home/porto-raid4/nestrasil-data/spine-generic/results/data-multi-subject_20231213/data_processed/sub-milan05/dwi/dti_RD.nii.gz","1:13","2:5","","4,5",164.52294331801116,0.00048572481691548766,0.00018521903765917922
"2023-12-13 16:31:17","git-master-c7a8072fd63a06a2775a74029c042833f0fce510","/home/porto-raid4/nestrasil-data/spine-generic/results/data-multi-subject_20231213/data_processed/sub-milan06/dwi/dti_RD.nii.gz","0:12","2:5","","4,5",143.58745236546127,0.0003863217524190862,0.00018914448594916104
"2023-12-13 16:31:38","git-master-c7a8072fd63a06a2775a74029c042833f0fce510","/home/porto-raid4/nestrasil-data/spine-generic/results/data-multi-subject_20231213/data_processed/sub-juntendo750w02/dwi/dti_RD.nii.gz","1:12","2:5","","4,5",107.28860162689693,0.0003346688755753755,0.0001370060595009021
"2023-12-13 16:33:06","git-master-c7a8072fd63a06a2775a74029c042833f0fce510","/home/porto-raid4/nestrasil-data/spine-generic/results/data-multi-subject_20231213/data_processed/sub-milan07/dwi/dti_RD.nii.gz","1:13","2:5","","4,5",117.9185920706178,0.0004677827501459408,0.00024682868487294437
"2023-12-13 16:33:35","git-master-c7a8072fd63a06a2775a74029c042833f0fce510","/home/porto-raid4/nestrasil-data/spine-generic/results/data-multi-subject_20231213/data_processed/sub-juntendo750w05/dwi/dti_RD.nii.gz","1:12","2:5","","4,5",109.25931847984465,0.00037756403614243577,0.0001429657703925236
"2023-12-13 16:33:56","git-master-c7a8072fd63a06a2775a74029c042833f0fce510","/home/porto-raid4/nestrasil-data/spine-generic/results/data-multi-subject_20231213/data_processed/sub-juntendo750w06/dwi/dti_RD.nii.gz","0:13","2:5","","4,5",126.4700461347877,0.00041900872112124124,0.00014858151724034241
"2023-12-13 16:34:31","git-master-c7a8072fd63a06a2775a74029c042833f0fce510","/home/porto-raid4/nestrasil-data/spine-generic/results/data-multi-subject_20231213/data_processed/sub-milan02/dwi/dti_RD.nii.gz","1:12","2:5","","4,5",99.7825650098484,0.0004268038899941303,0.0002154539544610436
"2023-12-13 16:34:57","git-master-c7a8072fd63a06a2775a74029c042833f0fce510","/home/porto-raid4/nestrasil-data/spine-generic/results/data-multi-subject_20231213/data_processed/sub-milan04/dwi/dti_RD.nii.gz","1:12","2:5","","4,5",106.29597291405341,0.00046643868297864484,0.00026075509200017256
"2023-12-13 16:35:49","git-master-c7a8072fd63a06a2775a74029c042833f0fce510","/home/porto-raid4/nestrasil-data/spine-generic/results/data-multi-subject_20231213/data_processed/sub-milan03/dwi/dti_RD.nii.gz","1:12","2:5","","4,5",127.53775576890172,0.00042471019274919347,0.00022968461084654304
"2023-12-13 16:46:19","git-master-c7a8072fd63a06a2775a74029c042833f0fce510","/home/porto-raid4/nestrasil-data/spine-generic/results/data-multi-subject_20231213/data_processed/sub-mniPilot1/dwi/dti_RD.nii.gz","1:12","2:5","","4,5",114.6372776322177,0.000447200947976369,0.00020628726022814254
"2023-12-13 16:54:22","git-master-c7a8072fd63a06a2775a74029c042833f0fce510","/home/porto-raid4/nestrasil-data/spine-generic/results/data-multi-subject_20231213/data_processed/sub-mniS01/dwi/dti_RD.nii.gz","1:12","2:5","","4,5",143.59947594565588,0.000501099272109775,0.00024340497210272394
"2023-12-13 16:56:32","git-master-c7a8072fd63a06a2775a74029c042833f0fce510","/home/porto-raid4/nestrasil-data/spine-generic/results/data-multi-subject_20231213/data_processed/sub-mniS02/dwi/dti_RD.nii.gz","1:14","2:5","","4,5",140.83196786949244,0.0005210468901331025,0.0001862775133172939
"2023-12-13 16:58:03","git-master-c7a8072fd63a06a2775a74029c042833f0fce510","/home/porto-raid4/nestrasil-data/spine-generic/results/data-multi-subject_20231213/data_processed/sub-mniS03/dwi/dti_RD.nii.gz","0:12","2:5","","4,5",115.81523020611311,0.00046612650779501304,0.0001699134131217443
"2023-12-13 16:59:13","git-master-c7a8072fd63a06a2775a74029c042833f0fce510","/home/porto-raid4/nestrasil-data/spine-generic/results/data-multi-subject_20231213/data_processed/sub-mniS05/dwi/dti_RD.nii.gz","0:14","2:5","","4,5",109.69001458845581,0.0003738670692200178,0.00016365324659776701
"2023-12-13 17:02:05","git-master-c7a8072fd63a06a2775a74029c042833f0fce510","/home/porto-raid4/nestrasil-data/spine-generic/results/data-multi-subject_20231213/data_processed/sub-mniS04/dwi/dti_RD.nii.gz","1:13","2:5","","4,5",159.57836166866377,0.00047490384317222636,0.00017033175218690027
"2023-12-13 17:02:33","git-master-c7a8072fd63a06a2775a74029c042833f0fce510","/home/porto-raid4/nestrasil-data/spine-generic/results/data-multi-subject_20231213/data_processed/sub-mniS06/dwi/dti_RD.nii.gz","0:12","2:5","","4,5",169.43123327438025,0.0005435880743267854,0.00021608955549434753
"2023-12-13 17:03:28","git-master-c7a8072fd63a06a2775a74029c042833f0fce510","/home/porto-raid4/nestrasil-data/spine-generic/results/data-multi-subject_20231213/data_processed/sub-mniS07/dwi/dti_RD.nii.gz","1:12","2:5","","4,5",126.54865648451532,0.0006310103438750717,0.00017376908930253569
"2023-12-13 17:05:06","git-master-c7a8072fd63a06a2775a74029c042833f0fce510","/home/porto-raid4/nestrasil-data/spine-generic/results/data-multi-subject_20231213/data_processed/sub-mniS08/dwi/dti_RD.nii.gz","1:13","2:5","","4,5",133.10154703385024,0.0006111738483793655,0.00020896917193570277
"2023-12-13 17:05:34","git-master-c7a8072fd63a06a2775a74029c042833f0fce510","/home/porto-raid4/nestrasil-data/spine-generic/results/data-multi-subject_20231213/data_processed/sub-mniS09/dwi/dti_RD.nii.gz","1:12","2:5","","4,5",112.89659740383969,0.00039318422368212207,0.0002031492423915765
"2023-12-13 17:07:50","git-master-c7a8072fd63a06a2775a74029c042833f0fce510","/home/porto-raid4/nestrasil-data/spine-generic/results/data-multi-subject_20231213/data_processed/sub-mountSinai02/dwi/dti_RD.nii.gz","0:13","2:5","","4,5",133.6359408767632,0.0005390381740637457,0.000254070973047418
"2023-12-13 17:07:51","git-master-c7a8072fd63a06a2775a74029c042833f0fce510","/home/porto-raid4/nestrasil-data/spine-generic/results/data-multi-subject_20231213/data_processed/sub-mountSinai01/dwi/dti_RD.nii.gz","0:14","2:5","","4,5",140.15921707389884,0.0004057983287165422,0.0002110749081456514
"2023-12-13 17:08:27","git-master-c7a8072fd63a06a2775a74029c042833f0fce510","/home/porto-raid4/nestrasil-data/spine-generic/results/data-multi-subject_20231213/data_processed/sub-mountSinai03/dwi/dti_RD.nii.gz","","2:5","","4,5",0.0,"",""
"2023-12-13 17:11:00","git-master-c7a8072fd63a06a2775a74029c042833f0fce510","/home/porto-raid4/nestrasil-data/spine-generic/results/data-multi-subject_20231213/data_processed/sub-mountSinai04/dwi/dti_RD.nii.gz","1:12","2:5","","4,5",133.21307966870734,0.0005145381688044141,0.00019345643823011864
"2023-12-13 17:12:27","git-master-c7a8072fd63a06a2775a74029c042833f0fce510","/home/porto-raid4/nestrasil-data/spine-generic/results/data-multi-subject_20231213/data_processed/sub-mpicbs01/dwi/dti_RD.nii.gz","2:12","2:5","","4,5",96.6613300438851,0.00046406975908603416,0.00018434593974811622
"2023-12-13 17:15:22","git-master-c7a8072fd63a06a2775a74029c042833f0fce510","/home/porto-raid4/nestrasil-data/spine-generic/results/data-multi-subject_20231213/data_processed/sub-mountSinai06/dwi/dti_RD.nii.gz","0:13","2:5","","4,5",132.87733483146903,0.0004409070089685675,0.0001781703980277419
"2023-12-13 17:15:38","git-master-c7a8072fd63a06a2775a74029c042833f0fce510","/home/porto-raid4/nestrasil-data/spine-generic/results/data-multi-subject_20231213/data_processed/sub-mountSinai05/dwi/dti_RD.nii.gz","0:14","2:5","","4,5",144.31278069301868,0.000746244377869817,0.00025758899820103843
"2023-12-13 17:15:52","git-master-c7a8072fd63a06a2775a74029c042833f0fce510","/home/porto-raid4/nestrasil-data/spine-generic/results/data-multi-subject_20231213/data_processed/sub-mpicbs03/dwi/dti_RD.nii.gz","0:13","2:5","","4,5",205.9254232649645,0.00041953191549432456,0.0002078215285756909
"2023-12-13 17:17:25","git-master-c7a8072fd63a06a2775a74029c042833f0fce510","/home/porto-raid4/nestrasil-data/spine-generic/results/data-multi-subject_20231213/data_processed/sub-mpicbs05/dwi/dti_RD.nii.gz","1:12","2:5","","4,5",115.3700085585226,0.0004233030237527943,0.00019152470507729743
"2023-12-13 17:18:56","git-master-c7a8072fd63a06a2775a74029c042833f0fce510","/home/porto-raid4/nestrasil-data/spine-generic/results/data-multi-subject_20231213/data_processed/sub-mpicbs02/dwi/dti_RD.nii.gz","1:12","2:5","","4,5",116.27318171834929,0.00048767283830540505,0.00021242056242689187
"2023-12-13 17:18:57","git-master-c7a8072fd63a06a2775a74029c042833f0fce510","/home/porto-raid4/nestrasil-data/spine-generic/results/data-multi-subject_20231213/data_processed/sub-mpicbs07/dwi/dti_RD.nii.gz","1:12","2:5","","4,5",144.68816651596717,0.00046749578576101036,0.0001979427347131855
"2023-12-13 17:19:31","git-master-c7a8072fd63a06a2775a74029c042833f0fce510","/home/porto-raid4/nestrasil-data/spine-generic/results/data-multi-subject_20231213/data_processed/sub-mpicbs06/dwi/dti_RD.nii.gz","1:13","2:5","","4,5",104.02508103242545,0.0004663439878332589,0.00020328297619296966
"2023-12-13 17:25:45","git-master-c7a8072fd63a06a2775a74029c042833f0fce510","/home/porto-raid4/nestrasil-data/spine-generic/results/data-multi-subject_20231213/data_processed/sub-nwu02/dwi/dti_RD.nii.gz","4:14","2:5","","4,5",96.15361087587011,0.00042321305559556345,0.00021370824754498297
"2023-12-13 17:25:55","git-master-c7a8072fd63a06a2775a74029c042833f0fce510","/home/porto-raid4/nestrasil-data/spine-generic/results/data-multi-subject_20231213/data_processed/sub-nottwil02/dwi/dti_RD.nii.gz","1:12","2:5","","4,5",127.71067627047722,0.00045218071286259485,0.00027130090324349837
"2023-12-13 17:25:57","git-master-c7a8072fd63a06a2775a74029c042833f0fce510","/home/porto-raid4/nestrasil-data/spine-generic/results/data-multi-subject_20231213/data_processed/sub-nottwil01/dwi/dti_RD.nii.gz","2:12","2:5","","4,5",98.02537867668107,0.00043451703865258855,0.00023081363876913173
"2023-12-13 17:27:35","git-master-c7a8072fd63a06a2775a74029c042833f0fce510","/home/porto-raid4/nestrasil-data/spine-generic/results/data-multi-subject_20231213/data_processed/sub-nottwil06/dwi/dti_RD.nii.gz","0:13","2:5","","4,5",152.6176957907718,0.00032329842715587146,0.0002805080931280272
"2023-12-13 17:27:40","git-master-c7a8072fd63a06a2775a74029c042833f0fce510","/home/porto-raid4/nestrasil-data/spine-generic/results/data-multi-subject_20231213/data_processed/sub-nottwil03/dwi/dti_RD.nii.gz","0:12","2:5","","4,5",119.36155261828628,0.0004314624583204474,0.0002920093321676643
"2023-12-13 17:27:52","git-master-c7a8072fd63a06a2775a74029c042833f0fce510","/home/porto-raid4/nestrasil-data/spine-generic/results/data-multi-subject_20231213/data_processed/sub-nwu01/dwi/dti_RD.nii.gz","3:14","2:5","","4,5",124.56241294633323,0.00045298076339815715,0.00021432022234722106
"2023-12-13 17:29:13","git-master-c7a8072fd63a06a2775a74029c042833f0fce510","/home/porto-raid4/nestrasil-data/spine-generic/results/data-multi-subject_20231213/data_processed/sub-nottwil05/dwi/dti_RD.nii.gz","1:12","2:5","","4,5",115.19450901123388,0.0005487784947979908,0.0002605879150253069
"2023-12-13 17:29:43","git-master-c7a8072fd63a06a2775a74029c042833f0fce510","/home/porto-raid4/nestrasil-data/spine-generic/results/data-multi-subject_20231213/data_processed/sub-nottwil04/dwi/dti_RD.nii.gz","2:11","2:5","","4,5",117.47824476876322,0.00045901434291310226,0.00038565394331481885
"2023-12-13 17:36:34","git-master-c7a8072fd63a06a2775a74029c042833f0fce510","/home/porto-raid4/nestrasil-data/spine-generic/results/data-multi-subject_20231213/data_processed/sub-nwu03/dwi/dti_RD.nii.gz","4:14","2:5","","4,5",95.03016225063374,0.0006184912272363941,0.0003470956312887701
"2023-12-13 17:42:01","git-master-c7a8072fd63a06a2775a74029c042833f0fce510","/home/porto-raid4/nestrasil-data/spine-generic/results/data-multi-subject_20231213/data_processed/sub-nwu04/dwi/dti_RD.nii.gz","0:13","2:5","","4,5",159.1388646218069,0.00046347658416080154,0.0001970328872083009
"2023-12-13 17:44:24","git-master-c7a8072fd63a06a2775a74029c042833f0fce510","/home/porto-raid4/nestrasil-data/spine-generic/results/data-multi-subject_20231213/data_processed/sub-nwu05/dwi/dti_RD.nii.gz","0:13","2:5","","4,5",142.7042568064095,0.0004247314882710087,0.00021281108318404844
"2023-12-13 17:44:31","git-master-c7a8072fd63a06a2775a74029c042833f0fce510","/home/porto-raid4/nestrasil-data/spine-generic/results/data-multi-subject_20231213/data_processed/sub-oxfordFmrib03/dwi/dti_RD.nii.gz","0:13","2:5","","4,5",154.05084803809814,0.00039494618688228707,0.00020217003123911803
"2023-12-13 17:47:16","git-master-c7a8072fd63a06a2775a74029c042833f0fce510","/home/porto-raid4/nestrasil-data/spine-generic/results/data-multi-subject_20231213/data_processed/sub-oxfordFmrib01/dwi/dti_RD.nii.gz","0:14","2:5","","4,5",124.36999189010302,0.00044216790034712697,0.0003188033074495292
"2023-12-13 17:47:33","git-master-c7a8072fd63a06a2775a74029c042833f0fce510","/home/porto-raid4/nestrasil-data/spine-generic/results/data-multi-subject_20231213/data_processed/sub-nwu06/dwi/dti_RD.nii.gz","2:12","2:5","","4,5",97.22419901226027,0.0004909497143808033,0.00020300222952511824
"2023-12-13 17:48:15","git-master-c7a8072fd63a06a2775a74029c042833f0fce510","/home/porto-raid4/nestrasil-data/spine-generic/results/data-multi-subject_20231213/data_processed/sub-oxfordFmrib05/dwi/dti_RD.nii.gz","0:13","2:5","","4,5",150.48709217015914,0.00044950966136900476,0.00019154509770905447
"2023-12-13 17:48:38","git-master-c7a8072fd63a06a2775a74029c042833f0fce510","/home/porto-raid4/nestrasil-data/spine-generic/results/data-multi-subject_20231213/data_processed/sub-oxfordFmrib02/dwi/dti_RD.nii.gz","1:14","2:5","","4,5",206.28031494405815,0.0005057763115688107,0.00020112873797741717
"2023-12-13 17:49:42","git-master-c7a8072fd63a06a2775a74029c042833f0fce510","/home/porto-raid4/nestrasil-data/spine-generic/results/data-multi-subject_20231213/data_processed/sub-oxfordFmrib07/dwi/dti_RD.nii.gz","1:13","2:5","","4,5",152.56508174901066,0.0005192671555520712,0.00020736665836941352
"2023-12-13 17:50:19","git-master-c7a8072fd63a06a2775a74029c042833f0fce510","/home/porto-raid4/nestrasil-data/spine-generic/results/data-multi-subject_20231213/data_processed/sub-oxfordFmrib06/dwi/dti_RD.nii.gz","2:12","2:5","","4,5",110.37826175383405,0.0005364537045673574,0.00018554567304092723
"2023-12-13 17:56:42","git-master-c7a8072fd63a06a2775a74029c042833f0fce510","/home/porto-raid4/nestrasil-data/spine-generic/results/data-multi-subject_20231213/data_processed/sub-oxfordFmrib09/dwi/dti_RD.nii.gz","1:12","2:5","","4,5",138.63371444189292,0.0005507430627315079,0.00018071213673849078
"2023-12-13 17:57:47","git-master-c7a8072fd63a06a2775a74029c042833f0fce510","/home/porto-raid4/nestrasil-data/spine-generic/results/data-multi-subject_20231213/data_processed/sub-oxfordFmrib08/dwi/dti_RD.nii.gz","1:13","2:5","","4,5",141.86481258413258,0.0004384520708433483,0.00017536824320651717
"2023-12-13 18:00:06","git-master-c7a8072fd63a06a2775a74029c042833f0fce510","/home/porto-raid4/nestrasil-data/spine-generic/results/data-multi-subject_20231213/data_processed/sub-oxfordFmrib10/dwi/dti_RD.nii.gz","2:12","2:5","","4,5",112.25046670561244,0.0005165676714482881,0.00021185327522188003
"2023-12-13 18:00:46","git-master-c7a8072fd63a06a2775a74029c042833f0fce510","/home/porto-raid4/nestrasil-data/spine-generic/results/data-multi-subject_20231213/data_processed/sub-oxfordFmrib11/dwi/dti_RD.nii.gz","1:13","2:5","","4,5",138.65266047951314,0.0004739299114523079,0.0002006424241475659
"2023-12-13 18:02:00","git-master-c7a8072fd63a06a2775a74029c042833f0fce510","/home/porto-raid4/nestrasil-data/spine-generic/results/data-multi-subject_20231213/data_processed/sub-oxfordOhba05/dwi/dti_RD.nii.gz","1:12","2:5","","4,5",185.23359102775152,0.0005085628493408113,0.000179929767715698
"2023-12-13 18:04:08","git-master-c7a8072fd63a06a2775a74029c042833f0fce510","/home/porto-raid4/nestrasil-data/spine-generic/results/data-multi-subject_20231213/data_processed/sub-oxfordOhba03/dwi/dti_RD.nii.gz","0:12","2:5","","4,5",138.67106926184533,0.0005630128567167611,0.00021226305390409264
"2023-12-13 18:05:15","git-master-c7a8072fd63a06a2775a74029c042833f0fce510","/home/porto-raid4/nestrasil-data/spine-generic/results/data-multi-subject_20231213/data_processed/sub-oxfordOhba01/dwi/dti_RD.nii.gz","1:12","2:5","","4,5",114.73499595565285,0.0003217959165418275,0.00015650783175195454
"2023-12-13 18:06:50","git-master-c7a8072fd63a06a2775a74029c042833f0fce510","/home/porto-raid4/nestrasil-data/spine-generic/results/data-multi-subject_20231213/data_processed/sub-oxfordOhba04/dwi/dti_RD.nii.gz","1:13","2:5","","4,5",108.73225396838126,0.0004120024494317207,0.0001739122302584002
"2023-12-13 18:08:39","git-master-c7a8072fd63a06a2775a74029c042833f0fce510","/home/porto-raid4/nestrasil-data/spine-generic/results/data-multi-subject_20231213/data_processed/sub-pavia01/dwi/dti_RD.nii.gz","1:12","2:5","","4,5",125.0771165055047,0.0005978909180887406,0.00023388579713308144
"2023-12-13 18:09:22","git-master-c7a8072fd63a06a2775a74029c042833f0fce510","/home/porto-raid4/nestrasil-data/spine-generic/results/data-multi-subject_20231213/data_processed/sub-pavia03/dwi/dti_RD.nii.gz","2:13","2:5","","4,5",108.36385962837485,0.0005222441260302499,0.000203761682864815
"2023-12-13 18:10:58","git-master-c7a8072fd63a06a2775a74029c042833f0fce510","/home/porto-raid4/nestrasil-data/spine-generic/results/data-multi-subject_20231213/data_processed/sub-pavia02/dwi/dti_RD.nii.gz","1:11","2:5","","4,5",104.58542863573354,0.0005053656480861543,0.0002486423191791461
"2023-12-13 18:15:13","git-master-c7a8072fd63a06a2775a74029c042833f0fce510","/home/porto-raid4/nestrasil-data/spine-generic/results/data-multi-subject_20231213/data_processed/sub-pavia04/dwi/dti_RD.nii.gz","0:12","2:5","","4,5",97.49087638547621,0.0007758160729987345,0.00029729416499636095
"2023-12-13 18:16:10","git-master-c7a8072fd63a06a2775a74029c042833f0fce510","/home/porto-raid4/nestrasil-data/spine-generic/results/data-multi-subject_20231213/data_processed/sub-pavia06/dwi/dti_RD.nii.gz","0:13","2:5","","4,5",160.22079228882606,0.0004623069192639683,0.00020900143402817253
"2023-12-13 18:17:00","git-master-c7a8072fd63a06a2775a74029c042833f0fce510","/home/porto-raid4/nestrasil-data/spine-generic/results/data-multi-subject_20231213/data_processed/sub-pavia05/dwi/dti_RD.nii.gz","0:13","2:5","","4,5",197.4722421946769,0.00046962886203115255,0.00022785547903620188
"2023-12-13 18:22:56","git-master-c7a8072fd63a06a2775a74029c042833f0fce510","/home/porto-raid4/nestrasil-data/spine-generic/results/data-multi-subject_20231213/data_processed/sub-perform01/dwi/dti_RD.nii.gz","0:13","2:5","","4,5",120.51879124048364,0.000395579114021419,0.00029845201385900584
"2023-12-13 18:25:19","git-master-c7a8072fd63a06a2775a74029c042833f0fce510","/home/porto-raid4/nestrasil-data/spine-generic/results/data-multi-subject_20231213/data_processed/sub-perform02/dwi/dti_RD.nii.gz","0:11","2:5","","4,5",76.48243275385695,0.00032396280985375693,0.00016441512254841893
"2023-12-13 18:26:15","git-master-c7a8072fd63a06a2775a74029c042833f0fce510","/home/porto-raid4/nestrasil-data/spine-generic/results/data-multi-subject_20231213/data_processed/sub-perform04/dwi/dti_RD.nii.gz","0:12","2:5","","4,5",127.75509292286824,0.0004311726582081463,0.00017400732947770185
"2023-12-13 18:27:08","git-master-c7a8072fd63a06a2775a74029c042833f0fce510","/home/porto-raid4/nestrasil-data/spine-generic/results/data-multi-subject_20231213/data_processed/sub-perform06/dwi/dti_RD.nii.gz","1:13","2:5","","4,5",94.82496020288251,0.0003281147165633534,0.00017032017135927918
"2023-12-13 18:27:45","git-master-c7a8072fd63a06a2775a74029c042833f0fce510","/home/porto-raid4/nestrasil-data/spine-generic/results/data-multi-subject_20231213/data_processed/sub-perform03/dwi/dti_RD.nii.gz","0:12","2:5","","4,5",116.52589897374995,0.0004970750964590709,0.0002684249435359093
"2023-12-13 18:31:15","git-master-c7a8072fd63a06a2775a74029c042833f0fce510","/home/porto-raid4/nestrasil-data/spine-generic/results/data-multi-subject_20231213/data_processed/sub-queensland01/dwi/dti_RD.nii.gz","0:12","2:5","","4,5",192.8818560804383,0.0005383580808829643,0.00022560516316766176
"2023-12-13 18:33:29","git-master-c7a8072fd63a06a2775a74029c042833f0fce510","/home/porto-raid4/nestrasil-data/spine-generic/results/data-multi-subject_20231213/data_processed/sub-perform05/dwi/dti_RD.nii.gz","1:12","2:5","","4,5",98.63218677715345,0.0004612675412345514,0.00026210666137562507
"2023-12-13 18:33:39","git-master-c7a8072fd63a06a2775a74029c042833f0fce510","/home/porto-raid4/nestrasil-data/spine-generic/results/data-multi-subject_20231213/data_processed/sub-queensland02/dwi/dti_RD.nii.gz","0:13","2:5","","4,5",123.91601260362208,0.00044935369140341064,0.00020955683585393697
"2023-12-13 18:33:46","git-master-c7a8072fd63a06a2775a74029c042833f0fce510","/home/porto-raid4/nestrasil-data/spine-generic/results/data-multi-subject_20231213/data_processed/sub-queensland03/dwi/dti_RD.nii.gz","1:11","2:5","","4,5",125.65575909763187,0.0005164386450179243,0.00027266361200701774
"2023-12-13 18:36:01","git-master-c7a8072fd63a06a2775a74029c042833f0fce510","/home/porto-raid4/nestrasil-data/spine-generic/results/data-multi-subject_20231213/data_processed/sub-queensland05/dwi/dti_RD.nii.gz","1:13","2:5","","4,5",145.7568647118392,0.00048036011279888486,0.00018668737621613246
"2023-12-13 18:36:10","git-master-c7a8072fd63a06a2775a74029c042833f0fce510","/home/porto-raid4/nestrasil-data/spine-generic/results/data-multi-subject_20231213/data_processed/sub-queensland06/dwi/dti_RD.nii.gz","0:13","2:5","","4,5",170.61423619784316,0.00048674889718066213,0.00020041839521178144
"2023-12-13 18:37:40","git-master-c7a8072fd63a06a2775a74029c042833f0fce510","/home/porto-raid4/nestrasil-data/spine-generic/results/data-multi-subject_20231213/data_processed/sub-queensland04/dwi/dti_RD.nii.gz","0:8","2:5","","4,5",72.91038895396969,0.00046248649161729447,0.0001612808071285033
"2023-12-13 18:42:21","git-master-c7a8072fd63a06a2775a74029c042833f0fce510","/home/porto-raid4/nestrasil-data/spine-generic/results/data-multi-subject_20231213/data_processed/sub-sherbrooke01/dwi/dti_RD.nii.gz","0:14","2:5","","4,5",173.9192219103515,0.00029403924277278935,0.00023354540496285526
"2023-12-13 18:44:01","git-master-c7a8072fd63a06a2775a74029c042833f0fce510","/home/porto-raid4/nestrasil-data/spine-generic/results/data-multi-subject_20231213/data_processed/sub-sherbrooke03/dwi/dti_RD.nii.gz","0:13","2:5","","4,5",151.01723677004804,0.0003074065098203787,0.0001804075935252273
"2023-12-13 18:44:45","git-master-c7a8072fd63a06a2775a74029c042833f0fce510","/home/porto-raid4/nestrasil-data/spine-generic/results/data-multi-subject_20231213/data_processed/sub-sherbrooke02/dwi/dti_RD.nii.gz","2:11","2:5","","4,5",103.75193843711938,0.0003326479034683658,0.00020499731248361684
"2023-12-13 18:51:03","git-master-c7a8072fd63a06a2775a74029c042833f0fce510","/home/porto-raid4/nestrasil-data/spine-generic/results/data-multi-subject_20231213/data_processed/sub-sherbrooke05/dwi/dti_RD.nii.gz","1:13","2:5","","4,5",134.57870388568878,0.00028327529576246306,0.000244785861434792
"2023-12-13 18:51:33","git-master-c7a8072fd63a06a2775a74029c042833f0fce510","/home/porto-raid4/nestrasil-data/spine-generic/results/data-multi-subject_20231213/data_processed/sub-sherbrooke06/dwi/dti_RD.nii.gz","1:13","2:5","","4,5",143.610586830025,0.0003097620896367884,0.00026056813282222894
"2023-12-13 18:51:36","git-master-c7a8072fd63a06a2775a74029c042833f0fce510","/home/porto-raid4/nestrasil-data/spine-generic/results/data-multi-subject_20231213/data_processed/sub-sherbrooke04/dwi/dti_RD.nii.gz","1:12","2:5","","4,5",102.78370974279935,0.00042288099199244727,0.0002824799700172055
"2023-12-13 18:53:06","git-master-c7a8072fd63a06a2775a74029c042833f0fce510","/home/porto-raid4/nestrasil-data/spine-generic/results/data-multi-subject_20231213/data_processed/sub-stanford03/dwi/dti_RD.nii.gz","1:13","2:5","","4,5",126.28974012778366,0.0003927480032767173,0.00017800512268555883
"2023-12-13 18:54:42","git-master-c7a8072fd63a06a2775a74029c042833f0fce510","/home/porto-raid4/nestrasil-data/spine-generic/results/data-multi-subject_20231213/data_processed/sub-sherbrooke07/dwi/dti_RD.nii.gz","2:12","2:5","","4,5",118.88304333398926,0.000401444361426265,0.0002545861936422065
"2023-12-13 18:55:09","git-master-c7a8072fd63a06a2775a74029c042833f0fce510","/home/porto-raid4/nestrasil-data/spine-generic/results/data-multi-subject_20231213/data_processed/sub-stanford01/dwi/dti_RD.nii.gz","0:12","2:5","","4,5",134.2473882579675,0.00040356413745136726,0.00021299470150481527
"2023-12-13 18:57:55","git-master-c7a8072fd63a06a2775a74029c042833f0fce510","/home/porto-raid4/nestrasil-data/spine-generic/results/data-multi-subject_20231213/data_processed/sub-stanford06/dwi/dti_RD.nii.gz","1:13","2:5","","4,5",96.46571199237044,0.0006344611225851902,0.0003931465294024262
"2023-12-13 19:01:26","git-master-c7a8072fd63a06a2775a74029c042833f0fce510","/home/porto-raid4/nestrasil-data/spine-generic/results/data-multi-subject_20231213/data_processed/sub-stanford02/dwi/dti_RD.nii.gz","1:12","2:5","","4,5",122.68044944916898,0.0003862294044799116,0.0001723323933973167
"2023-12-13 19:02:39","git-master-c7a8072fd63a06a2775a74029c042833f0fce510","/home/porto-raid4/nestrasil-data/spine-generic/results/data-multi-subject_20231213/data_processed/sub-stanford04/dwi/dti_RD.nii.gz","1:11","2:5","","4,5",114.96378473130923,0.00042844701064158395,0.00016202459626859397
"2023-12-13 19:05:17","git-master-c7a8072fd63a06a2775a74029c042833f0fce510","/home/porto-raid4/nestrasil-data/spine-generic/results/data-multi-subject_20231213/data_processed/sub-strasbourg01/dwi/dti_RD.nii.gz","2:12","2:5","","4,5",95.42674600912119,0.0005522396523551643,0.0002346519372556636
"2023-12-13 19:05:39","git-master-c7a8072fd63a06a2775a74029c042833f0fce510","/home/porto-raid4/nestrasil-data/spine-generic/results/data-multi-subject_20231213/data_processed/sub-strasbourg02/dwi/dti_RD.nii.gz","1:12","2:5","","4,5",135.13806085249422,0.0005716411521781859,0.0002038467545176589
"2023-12-13 19:05:40","git-master-c7a8072fd63a06a2775a74029c042833f0fce510","/home/porto-raid4/nestrasil-data/spine-generic/results/data-multi-subject_20231213/data_processed/sub-stanford05/dwi/dti_RD.nii.gz","1:12","2:5","","4,5",116.4530132930577,0.00046536605429872653,0.00015802773978073267
"2023-12-13 19:09:46","git-master-c7a8072fd63a06a2775a74029c042833f0fce510","/home/porto-raid4/nestrasil-data/spine-generic/results/data-multi-subject_20231213/data_processed/sub-strasbourg05/dwi/dti_RD.nii.gz","1:14","2:5","","4,5",124.01821485015003,0.0005220463809778958,0.00021137553413006754
"2023-12-13 19:11:09","git-master-c7a8072fd63a06a2775a74029c042833f0fce510","/home/porto-raid4/nestrasil-data/spine-generic/results/data-multi-subject_20231213/data_processed/sub-tehranS02/dwi/dti_RD.nii.gz","1:12","2:5","","4,5",157.8782334165938,0.0005531050866381449,0.0002255880298966664
"2023-12-13 19:11:13","git-master-c7a8072fd63a06a2775a74029c042833f0fce510","/home/porto-raid4/nestrasil-data/spine-generic/results/data-multi-subject_20231213/data_processed/sub-strasbourg04/dwi/dti_RD.nii.gz","1:13","2:5","","4,5",107.39755391840782,0.00046548705508466323,0.0002096815595116157
"2023-12-13 19:12:38","git-master-c7a8072fd63a06a2775a74029c042833f0fce510","/home/porto-raid4/nestrasil-data/spine-generic/results/data-multi-subject_20231213/data_processed/sub-tehranS03/dwi/dti_RD.nii.gz","2:13","2:5","","4,5",105.94588257973177,0.0004786725485267325,0.0001849751533423559
"2023-12-13 19:12:41","git-master-c7a8072fd63a06a2775a74029c042833f0fce510","/home/porto-raid4/nestrasil-data/spine-generic/results/data-multi-subject_20231213/data_processed/sub-strasbourg03/dwi/dti_RD.nii.gz","2:13","2:5","","4,5",126.26972432706201,0.0005871419457668871,0.00021232950762134427
"2023-12-13 19:14:27","git-master-c7a8072fd63a06a2775a74029c042833f0fce510","/home/porto-raid4/nestrasil-data/spine-generic/results/data-multi-subject_20231213/data_processed/sub-tehranS01/dwi/dti_RD.nii.gz","1:11","2:5","","4,5",117.80078171188512,0.0005254514780414821,0.00020120337059180833
"2023-12-13 19:18:12","git-master-c7a8072fd63a06a2775a74029c042833f0fce510","/home/porto-raid4/nestrasil-data/spine-generic/results/data-multi-subject_20231213/data_processed/sub-tehranS04/dwi/dti_RD.nii.gz","2:12","2:5","","4,5",122.15237889189254,0.0005347017607633197,0.0002095165915068762
"2023-12-13 19:18:22","git-master-c7a8072fd63a06a2775a74029c042833f0fce510","/home/porto-raid4/nestrasil-data/spine-generic/results/data-multi-subject_20231213/data_processed/sub-tehranS05/dwi/dti_RD.nii.gz","0:12","2:5","","4,5",110.87624815070643,0.0005013238184194828,0.00020766042691468936
"2023-12-13 19:19:42","git-master-c7a8072fd63a06a2775a74029c042833f0fce510","/home/porto-raid4/nestrasil-data/spine-generic/results/data-multi-subject_20231213/data_processed/sub-strasbourg06/dwi/dti_RD.nii.gz","1:12","2:5","","4,5",101.34330764298763,0.0005764114280934446,0.000284603997018011
"2023-12-13 19:21:46","git-master-c7a8072fd63a06a2775a74029c042833f0fce510","/home/porto-raid4/nestrasil-data/spine-generic/results/data-multi-subject_20231213/data_processed/sub-tehranS06/dwi/dti_RD.nii.gz","0:13","2:5","","4,5",149.41164494001944,0.000477344602769339,0.00017357688074169148
"2023-12-13 19:31:32","git-master-c7a8072fd63a06a2775a74029c042833f0fce510","/home/porto-raid4/nestrasil-data/spine-generic/results/data-multi-subject_20231213/data_processed/sub-tokyo750w02/dwi/dti_RD.nii.gz","0:13","2:5","","4,5",118.6722667441118,0.0003114616837674316,0.0001741197663494569
"2023-12-13 19:31:59","git-master-c7a8072fd63a06a2775a74029c042833f0fce510","/home/porto-raid4/nestrasil-data/spine-generic/results/data-multi-subject_20231213/data_processed/sub-tokyo750w01/dwi/dti_RD.nii.gz","0:13","2:5","","4,5",154.32128992277063,0.0003789286216611247,0.00022370472944846108
"2023-12-13 19:34:44","git-master-c7a8072fd63a06a2775a74029c042833f0fce510","/home/porto-raid4/nestrasil-data/spine-generic/results/data-multi-subject_20231213/data_processed/sub-tokyo750w04/dwi/dti_RD.nii.gz","1:12","2:5","","4,5",81.12373606907046,0.0003349627024846247,0.0001959182642909763
"2023-12-13 19:35:51","git-master-c7a8072fd63a06a2775a74029c042833f0fce510","/home/porto-raid4/nestrasil-data/spine-generic/results/data-multi-subject_20231213/data_processed/sub-tokyo750w03/dwi/dti_RD.nii.gz","2:14","2:5","","4,5",126.40225527769499,0.00038077046227366385,0.00021750435529264544
"2023-12-13 19:37:01","git-master-c7a8072fd63a06a2775a74029c042833f0fce510","/home/porto-raid4/nestrasil-data/spine-generic/results/data-multi-subject_20231213/data_processed/sub-tokyo750w05/dwi/dti_RD.nii.gz","1:12","2:5","","4,5",86.9770190637463,0.00037560780500664595,0.00024746187733989136
"2023-12-13 19:38:16","git-master-c7a8072fd63a06a2775a74029c042833f0fce510","/home/porto-raid4/nestrasil-data/spine-generic/results/data-multi-subject_20231213/data_processed/sub-tokyoIngenia01/dwi/dti_RD.nii.gz","0:13","2:5","","4,5",172.750401008639,0.0004169253098230374,0.0002937529995431544
"2023-12-13 19:39:15","git-master-c7a8072fd63a06a2775a74029c042833f0fce510","/home/porto-raid4/nestrasil-data/spine-generic/results/data-multi-subject_20231213/data_processed/sub-tokyoIngenia03/dwi/dti_RD.nii.gz","1:13","2:5","","4,5",151.20687713269714,0.00048415408861982246,0.0002778580636392731
"2023-12-13 19:41:10","git-master-c7a8072fd63a06a2775a74029c042833f0fce510","/home/porto-raid4/nestrasil-data/spine-generic/results/data-multi-subject_20231213/data_processed/sub-tokyo750w06/dwi/dti_RD.nii.gz","1:12","2:5","","4,5",84.97854578883609,0.00043163541434648034,0.00020917698939552242
"2023-12-13 19:42:54","git-master-c7a8072fd63a06a2775a74029c042833f0fce510","/home/porto-raid4/nestrasil-data/spine-generic/results/data-multi-subject_20231213/data_processed/sub-tokyo750w07/dwi/dti_RD.nii.gz","1:12","2:5","","4,5",89.45827342256096,0.0003346210564680933,0.00022075871868468166
"2023-12-13 19:42:57","git-master-c7a8072fd63a06a2775a74029c042833f0fce510","/home/porto-raid4/nestrasil-data/spine-generic/results/data-multi-subject_20231213/data_processed/sub-tokyoIngenia06/dwi/dti_RD.nii.gz","1:12","2:5","","4,5",114.35041403512815,0.0004459071191310179,0.0002648294647750049
"2023-12-13 19:44:57","git-master-c7a8072fd63a06a2775a74029c042833f0fce510","/home/porto-raid4/nestrasil-data/spine-generic/results/data-multi-subject_20231213/data_processed/sub-tokyoIngenia02/dwi/dti_RD.nii.gz","0:13","2:5","","4,5",132.64371303715143,0.0003433718156491839,0.00024262805257025874
"2023-12-13 19:47:00","git-master-c7a8072fd63a06a2775a74029c042833f0fce510","/home/porto-raid4/nestrasil-data/spine-generic/results/data-multi-subject_20231213/data_processed/sub-tokyoIngenia04/dwi/dti_RD.nii.gz","1:12","2:5","","4,5",96.96445793535639,0.0005177525653316909,0.00028317704350410653
"2023-12-13 19:47:21","git-master-c7a8072fd63a06a2775a74029c042833f0fce510","/home/porto-raid4/nestrasil-data/spine-generic/results/data-multi-subject_20231213/data_processed/sub-tokyoSkyra03/dwi/dti_RD.nii.gz","0:13","2:5","","4,5",136.9363568351504,0.0004148402976144802,0.00024212479295182313
"2023-12-13 19:47:35","git-master-c7a8072fd63a06a2775a74029c042833f0fce510","/home/porto-raid4/nestrasil-data/spine-generic/results/data-multi-subject_20231213/data_processed/sub-tokyoSkyra01/dwi/dti_RD.nii.gz","0:14","2:5","","4,5",194.40192600319864,0.00039027975402991137,0.00028766881177962685
"2023-12-13 19:48:38","git-master-c7a8072fd63a06a2775a74029c042833f0fce510","/home/porto-raid4/nestrasil-data/spine-generic/results/data-multi-subject_20231213/data_processed/sub-tokyoIngenia05/dwi/dti_RD.nii.gz","1:12","2:5","","4,5",92.83760397101322,0.00040917246032584024,0.0002953323940180576
"2023-12-13 19:49:11","git-master-c7a8072fd63a06a2775a74029c042833f0fce510","/home/porto-raid4/nestrasil-data/spine-generic/results/data-multi-subject_20231213/data_processed/sub-tokyoIngenia07/dwi/dti_RD.nii.gz","1:12","2:5","","4,5",109.0539342578908,0.000273243737507361,0.0002157492563412267
"2023-12-13 19:50:31","git-master-c7a8072fd63a06a2775a74029c042833f0fce510","/home/porto-raid4/nestrasil-data/spine-generic/results/data-multi-subject_20231213/data_processed/sub-tokyoSkyra02/dwi/dti_RD.nii.gz","0:13","2:5","","4,5",131.39324501725048,0.00042514382670872237,0.00022225875495193625
"2023-12-13 19:56:02","git-master-c7a8072fd63a06a2775a74029c042833f0fce510","/home/porto-raid4/nestrasil-data/spine-generic/results/data-multi-subject_20231213/data_processed/sub-tokyoSkyra04/dwi/dti_RD.nii.gz","1:12","2:5","","4,5",93.26673230178761,0.0005378390042115898,0.0002588512757571259
"2023-12-13 19:56:25","git-master-c7a8072fd63a06a2775a74029c042833f0fce510","/home/porto-raid4/nestrasil-data/spine-generic/results/data-multi-subject_20231213/data_processed/sub-tokyoSkyra06/dwi/dti_RD.nii.gz","1:12","2:5","","4,5",109.06140237958155,0.00044651139096564795,0.00023776705710472202
"2023-12-13 19:57:00","git-master-c7a8072fd63a06a2775a74029c042833f0fce510","/home/porto-raid4/nestrasil-data/spine-generic/results/data-multi-subject_20231213/data_processed/sub-tokyoSkyra05/dwi/dti_RD.nii.gz","1:12","2:5","","4,5",94.43466521314227,0.0004904548307501934,0.0002209670363228094
"2023-12-13 19:58:20","git-master-c7a8072fd63a06a2775a74029c042833f0fce510","/home/porto-raid4/nestrasil-data/spine-generic/results/data-multi-subject_20231213/data_processed/sub-ubc01/dwi/dti_RD.nii.gz","0:12","2:5","","4,5",157.1627767185318,0.0003799802336733538,0.00037657440428442724
"2023-12-13 20:00:28","git-master-c7a8072fd63a06a2775a74029c042833f0fce510","/home/porto-raid4/nestrasil-data/spine-generic/results/data-multi-subject_20231213/data_processed/sub-tokyoSkyra07/dwi/dti_RD.nii.gz","1:12","2:5","","4,5",98.95386204748043,0.0002609028406294615,0.00024657556180245386
"2023-12-13 20:03:11","git-master-c7a8072fd63a06a2775a74029c042833f0fce510","/home/porto-raid4/nestrasil-data/spine-generic/results/data-multi-subject_20231213/data_processed/sub-ucdavis03/dwi/dti_RD.nii.gz","4:12","2:5","","4,5",130.91129838078527,0.0004699511213623565,0.00029351210821931557
"2023-12-13 20:04:15","git-master-c7a8072fd63a06a2775a74029c042833f0fce510","/home/porto-raid4/nestrasil-data/spine-generic/results/data-multi-subject_20231213/data_processed/sub-ucdavis07/dwi/dti_RD.nii.gz","1:12","2:5","","4,5",119.77424759970089,0.00044075808868931454,0.00025755379373949556
"2023-12-13 20:06:45","git-master-c7a8072fd63a06a2775a74029c042833f0fce510","/home/porto-raid4/nestrasil-data/spine-generic/results/data-multi-subject_20231213/data_processed/sub-ubc02/dwi/dti_RD.nii.gz","0:12","2:5","","4,5",164.380688317881,0.00045597877912989407,0.0003393019857593148
"2023-12-13 20:07:40","git-master-c7a8072fd63a06a2775a74029c042833f0fce510","/home/porto-raid4/nestrasil-data/spine-generic/results/data-multi-subject_20231213/data_processed/sub-ubc04/dwi/dti_RD.nii.gz","1:12","2:5","","4,5",108.58322202056337,0.00040776679569075607,0.0002766984265159372
"2023-12-13 20:08:09","git-master-c7a8072fd63a06a2775a74029c042833f0fce510","/home/porto-raid4/nestrasil-data/spine-generic/results/data-multi-subject_20231213/data_processed/sub-ucdavis01/dwi/dti_RD.nii.gz","4:12","2:5","","4,5",106.50019916755036,0.0005651689699575769,0.000260126046581375
"2023-12-13 20:08:50","git-master-c7a8072fd63a06a2775a74029c042833f0fce510","/home/porto-raid4/nestrasil-data/spine-generic/results/data-multi-subject_20231213/data_processed/sub-ubc03/dwi/dti_RD.nii.gz","1:12","2:5","","4,5",118.40217952299176,0.0006222356511635114,0.00034857225044436876
"2023-12-13 20:09:10","git-master-c7a8072fd63a06a2775a74029c042833f0fce510","/home/porto-raid4/nestrasil-data/spine-generic/results/data-multi-subject_20231213/data_processed/sub-ubc05/dwi/dti_RD.nii.gz","0:11","2:5","","4,5",162.69823811038822,0.00048536512858822234,0.0002542983008018334
"2023-12-13 20:11:06","git-master-c7a8072fd63a06a2775a74029c042833f0fce510","/home/porto-raid4/nestrasil-data/spine-generic/results/data-multi-subject_20231213/data_processed/sub-ucdavis02/dwi/dti_RD.nii.gz","4:12","2:5","","4,5",103.21695960205784,0.0005427591399572142,0.0002734254703841273
"2023-12-13 20:12:52","git-master-c7a8072fd63a06a2775a74029c042833f0fce510","/home/porto-raid4/nestrasil-data/spine-generic/results/data-multi-subject_20231213/data_processed/sub-ubc06/dwi/dti_RD.nii.gz","1:12","2:5","","4,5",108.72529801615997,0.000520409562846993,0.00025802713797483433
"2023-12-13 20:14:17","git-master-c7a8072fd63a06a2775a74029c042833f0fce510","/home/porto-raid4/nestrasil-data/spine-generic/results/data-multi-subject_20231213/data_processed/sub-ucdavis05/dwi/dti_RD.nii.gz","4:12","2:5","","4,5",65.5519364038297,0.0006279264232874843,0.0003126657319276738
"2023-12-13 20:16:43","git-master-c7a8072fd63a06a2775a74029c042833f0fce510","/home/porto-raid4/nestrasil-data/spine-generic/results/data-multi-subject_20231213/data_processed/sub-ucdavis06/dwi/dti_RD.nii.gz","4:12","2:5","","4,5",87.96210754459815,0.000525177193240413,0.00026221028959484927
"2023-12-13 20:21:55","git-master-c7a8072fd63a06a2775a74029c042833f0fce510","/home/porto-raid4/nestrasil-data/spine-generic/results/data-multi-subject_20231213/data_processed/sub-ucdavis04/dwi/dti_RD.nii.gz","4:12","2:5","","4,5",87.55943504621042,0.0003678048527585552,0.0002553757364532214
"2023-12-13 20:33:06","git-master-c7a8072fd63a06a2775a74029c042833f0fce510","/home/porto-raid4/nestrasil-data/spine-generic/results/data-multi-subject_20231213/data_processed/sub-ucl01/dwi/dti_RD.nii.gz","1:13","2:5","","4,5",116.03624611935416,0.00039883934599495275,0.00034577955634317064
"2023-12-13 20:33:42","git-master-c7a8072fd63a06a2775a74029c042833f0fce510","/home/porto-raid4/nestrasil-data/spine-generic/results/data-multi-subject_20231213/data_processed/sub-ucl03/dwi/dti_RD.nii.gz","1:12","2:5","","4,5",114.24391993682798,0.0003557272832328336,0.00027362509926465666
"2023-12-13 20:34:24","git-master-c7a8072fd63a06a2775a74029c042833f0fce510","/home/porto-raid4/nestrasil-data/spine-generic/results/data-multi-subject_20231213/data_processed/sub-ucl02/dwi/dti_RD.nii.gz","1:13","2:5","","4,5",198.9632977355653,0.00048460887591465524,0.00025413706191776495
"2023-12-13 20:34:48","git-master-c7a8072fd63a06a2775a74029c042833f0fce510","/home/porto-raid4/nestrasil-data/spine-generic/results/data-multi-subject_20231213/data_processed/sub-unf01/dwi/dti_RD.nii.gz","0:13","2:5","","4,5",167.86504220733482,0.0004892280092351763,0.00022277714063668363
"2023-12-13 20:35:00","git-master-c7a8072fd63a06a2775a74029c042833f0fce510","/home/porto-raid4/nestrasil-data/spine-generic/results/data-multi-subject_20231213/data_processed/sub-unf04/dwi/dti_RD.nii.gz","0:13","2:5","","4,5",176.65195055359402,0.000508563375295604,0.00019498503817241237
"2023-12-13 20:36:27","git-master-c7a8072fd63a06a2775a74029c042833f0fce510","/home/porto-raid4/nestrasil-data/spine-generic/results/data-multi-subject_20231213/data_processed/sub-unf02/dwi/dti_RD.nii.gz","1:12","2:5","","4,5",122.7855798896414,0.0005293900965888371,0.00020817519620068008
"2023-12-13 20:36:57","git-master-c7a8072fd63a06a2775a74029c042833f0fce510","/home/porto-raid4/nestrasil-data/spine-generic/results/data-multi-subject_20231213/data_processed/sub-unf03/dwi/dti_RD.nii.gz","0:12","2:5","","4,5",102.97781367477555,0.000500751209840261,0.0001960730712726981
"2023-12-13 20:37:12","git-master-c7a8072fd63a06a2775a74029c042833f0fce510","/home/porto-raid4/nestrasil-data/spine-generic/results/data-multi-subject_20231213/data_processed/sub-ucl05/dwi/dti_RD.nii.gz","1:12","2:5","","4,5",149.20926558131825,0.00043794630972251406,0.00030736368033901045
"2023-12-13 20:37:20","git-master-c7a8072fd63a06a2775a74029c042833f0fce510","/home/porto-raid4/nestrasil-data/spine-generic/results/data-multi-subject_20231213/data_processed/sub-ucl04/dwi/dti_RD.nii.gz","2:13","2:5","","4,5",110.85370640998032,0.00031390421088973536,0.00026564225293762095
"2023-12-13 20:38:34","git-master-c7a8072fd63a06a2775a74029c042833f0fce510","/home/porto-raid4/nestrasil-data/spine-generic/results/data-multi-subject_20231213/data_processed/sub-unf06/dwi/dti_RD.nii.gz","1:12","2:5","","4,5",133.94354451709088,0.0004200795721145251,0.0001592195964009121
"2023-12-13 20:38:35","git-master-c7a8072fd63a06a2775a74029c042833f0fce510","/home/porto-raid4/nestrasil-data/spine-generic/results/data-multi-subject_20231213/data_processed/sub-unf05/dwi/dti_RD.nii.gz","1:11","2:5","","4,5",109.66430679942374,0.0005464435446103221,0.00018456291767414572
"2023-12-13 20:38:36","git-master-c7a8072fd63a06a2775a74029c042833f0fce510","/home/porto-raid4/nestrasil-data/spine-generic/results/data-multi-subject_20231213/data_processed/sub-unf07/dwi/dti_RD.nii.gz","1:12","2:5","","4,5",141.5889160320686,0.0005613940284916727,0.000166487961889758
"2023-12-13 20:38:47","git-master-c7a8072fd63a06a2775a74029c042833f0fce510","/home/porto-raid4/nestrasil-data/spine-generic/results/data-multi-subject_20231213/data_processed/sub-ucl06/dwi/dti_RD.nii.gz","1:12","2:5","","4,5",110.07526672384316,0.0004701116865695748,0.0004098802599617712
"2023-12-13 20:43:03","git-master-c7a8072fd63a06a2775a74029c042833f0fce510","/home/porto-raid4/nestrasil-data/spine-generic/results/data-multi-subject_20231213/data_processed/sub-vallHebron03/dwi/dti_RD.nii.gz","0:13","2:5","","4,5",92.36242733149251,0.0005526694089417333,0.00020359929237350093
"2023-12-13 20:47:11","git-master-c7a8072fd63a06a2775a74029c042833f0fce510","/home/porto-raid4/nestrasil-data/spine-generic/results/data-multi-subject_20231213/data_processed/sub-vallHebron02/dwi/dti_RD.nii.gz","1:12","2:5","","4,5",101.34249750761111,0.0006516531591640376,0.00019152266841529323
"2023-12-13 20:47:34","git-master-c7a8072fd63a06a2775a74029c042833f0fce510","/home/porto-raid4/nestrasil-data/spine-generic/results/data-multi-subject_20231213/data_processed/sub-vallHebron01/dwi/dti_RD.nii.gz","0:13","2:5","","4,5",149.26223144305285,0.0006795855451539885,0.00021941279582812597
"2023-12-13 20:49:32","git-master-c7a8072fd63a06a2775a74029c042833f0fce510","/home/porto-raid4/nestrasil-data/spine-generic/results/data-multi-subject_20231213/data_processed/sub-vallHebron07/dwi/dti_RD.nii.gz","0:13","2:5","","4,5",141.37248929835982,0.0005397639802592113,0.00019015693275183156
"2023-12-13 20:50:23","git-master-c7a8072fd63a06a2775a74029c042833f0fce510","/home/porto-raid4/nestrasil-data/spine-generic/results/data-multi-subject_20231213/data_processed/sub-vallHebron04/dwi/dti_RD.nii.gz","1:12","2:5","","4,5",110.27088526970222,0.0007101776571879734,0.00025477119677599024
"2023-12-13 20:52:40","git-master-c7a8072fd63a06a2775a74029c042833f0fce510","/home/porto-raid4/nestrasil-data/spine-generic/results/data-multi-subject_20231213/data_processed/sub-vallHebron05/dwi/dti_RD.nii.gz","2:11","2:5","","4,5",127.93933960443741,0.0006764480773509022,0.0003034923923742777
"2023-12-13 20:54:54","git-master-c7a8072fd63a06a2775a74029c042833f0fce510","/home/porto-raid4/nestrasil-data/spine-generic/results/data-multi-subject_20231213/data_processed/sub-vallHebron06/dwi/dti_RD.nii.gz","0:11","2:5","","4,5",120.96227216140787,0.0006408917035521271,0.0002708859753485482
"2023-12-13 20:56:05","git-master-c7a8072fd63a06a2775a74029c042833f0fce510","/home/porto-raid4/nestrasil-data/spine-generic/results/data-multi-subject_20231213/data_processed/sub-vuiisAchieva03/dwi/dti_RD.nii.gz","1:14","2:5","","4,5",145.37166115200307,0.00047339827560951057,0.0002100085166815088
"2023-12-13 20:56:05","git-master-c7a8072fd63a06a2775a74029c042833f0fce510","/home/porto-raid4/nestrasil-data/spine-generic/results/data-multi-subject_20231213/data_processed/sub-vuiisAchieva02/dwi/dti_RD.nii.gz","0:13","2:5","","4,5",184.6227157697446,0.0004980483931845037,0.00028990785745242303
"2023-12-13 20:56:13","git-master-c7a8072fd63a06a2775a74029c042833f0fce510","/home/porto-raid4/nestrasil-data/spine-generic/results/data-multi-subject_20231213/data_processed/sub-vuiisAchieva01/dwi/dti_RD.nii.gz","2:13","2:5","","4,5",148.56296913097734,0.0005292705282241383,0.0003613598484848176
"2023-12-13 20:57:22","git-master-c7a8072fd63a06a2775a74029c042833f0fce510","/home/porto-raid4/nestrasil-data/spine-generic/results/data-multi-subject_20231213/data_processed/sub-vuiisAchieva04/dwi/dti_RD.nii.gz","1:12","2:5","","4,5",118.05045907683225,0.00047823678453202533,0.00038858877441188525
"2023-12-13 20:57:40","git-master-c7a8072fd63a06a2775a74029c042833f0fce510","/home/porto-raid4/nestrasil-data/spine-generic/results/data-multi-subject_20231213/data_processed/sub-vuiisAchieva05/dwi/dti_RD.nii.gz","1:13","2:5","","4,5",122.89704323375928,0.0003549795429107052,0.00022837162343129143
"2023-12-13 20:57:59","git-master-c7a8072fd63a06a2775a74029c042833f0fce510","/home/porto-raid4/nestrasil-data/spine-generic/results/data-multi-subject_20231213/data_processed/sub-vuiisAchieva06/dwi/dti_RD.nii.gz","0:13","2:5","","4,5",144.1603011875938,0.00030161603313183684,0.00028470295295543257
"2023-12-13 21:01:21","git-master-c7a8072fd63a06a2775a74029c042833f0fce510","/home/porto-raid4/nestrasil-data/spine-generic/results/data-multi-subject_20231213/data_processed/sub-vuiisIngenia01/dwi/dti_RD.nii.gz","2:12","2:5","","4,5",132.90365465721464,0.0005548937648522659,0.0004029336957772403
"2023-12-13 21:01:37","git-master-c7a8072fd63a06a2775a74029c042833f0fce510","/home/porto-raid4/nestrasil-data/spine-generic/results/data-multi-subject_20231213/data_processed/sub-vuiisIngenia02/dwi/dti_RD.nii.gz","1:13","2:5","","4,5",135.14020184812404,0.00038679658024923247,0.00024462558608646733
"2023-12-13 21:02:51","git-master-c7a8072fd63a06a2775a74029c042833f0fce510","/home/porto-raid4/nestrasil-data/spine-generic/results/data-multi-subject_20231213/data_processed/sub-vuiisIngenia03/dwi/dti_RD.nii.gz","1:12","2:5","","4,5",109.26249943032849,0.0004931872365429573,0.0003604484917874005
"2023-12-13 21:05:55","git-master-c7a8072fd63a06a2775a74029c042833f0fce510","/home/porto-raid4/nestrasil-data/spine-generic/results/data-multi-subject_20231213/data_processed/sub-vuiisIngenia04/dwi/dti_RD.nii.gz","2:12","2:5","","4,5",94.55198843911188,0.00034419243403392187,0.0003522802382404308
"2023-12-13 21:06:24","git-master-c7a8072fd63a06a2775a74029c042833f0fce510","/home/porto-raid4/nestrasil-data/spine-generic/results/data-multi-subject_20231213/data_processed/sub-vuiisIngenia05/dwi/dti_RD.nii.gz","1:13","2:5","","4,5",171.77386212075024,0.00048690049265121194,0.0002837128111844158
"2023-12-13 21:10:17","git-master-c7a8072fd63a06a2775a74029c042833f0fce510","/home/porto-raid4/nestrasil-data/spine-generic/results/data-multi-subject_20231213/data_processed/sub-vuiisIngenia06/dwi/dti_RD.nii.gz","0:13","2:5","","4,5",186.185480168066,0.0005003982792823177,0.0003698248949137741
